# Timestep,0.0,1.0
1,0.0,5.731834888458252
2,0.0,10.180727005004883
