# Timestep,0.0,1.0
1,0.0,5.864919661036083e-11
2,0.0,0.0032289091031998396
