# Timestep,0.0,1.0
1,0.0,5.321462631225586
2,0.0,4.787335395812988
3,0.0,8.686409950256348
4,0.0,4.583510398864746
5,0.0,8.631105422973633
