# Timestep,0.0,1.0
1,0.0,3.361194655937538e-11
2,0.0,7.469956017303048e-06
3,0.0,0.07137499749660492
4,0.0,0.13290488719940186
5,0.0,0.8833733201026917
